scope_id,project,development_days,contributors,highlighted
1,akka/akka,1690,256,False
2,hadley/devtools,1246,116,False
3,johnmyleswhite/ProjectTemplate,1114,12,False
4,mavam/stat-cookbook,697,3,False
5,facebook/hiphop-php,1338,687,False
6,yihui/knitr,717,218,False
7,rstudio/shiny,470,57,False
8,facebook/folly,519,109,False
9,mongodb/mongo,2176,425,False
10,TTimo/doom3.gpl,137,18,False
11,ariya/phantomjs,1009,1154,False
12,TrinityCore/TrinityCore,1828,1261,False
289,mangos/MaNGOS,1861,910,False
454,bitcoin/bitcoin,1022,861,False
3437,keithw/mosh,999,594,False
3583,xbmc/xbmc,2867,1009,False
3750,joyent/http-parser,1618,130,False
5326,kr/beanstalkd,2203,200,False
7242,antirez/redis,1654,1111,False
7427,liuliu/ccv,1309,52,False
8955,memcached/memcached,3740,124,False
9215,openframeworks/openFrameworks,1862,447,False
9636,libgit2/libgit2,1799,412,False
10380,vmg/redcarpet,919,271,False
10593,joyent/libuv,924,358,False
10629,SignalR/SignalR,805,885,False
12554,hbons/SparkleShare,1256,1032,False
12976,moxiecode/plupload,1420,766,False
13566,mono/mono,1116,339,False
14327,NancyFx/Nancy,1621,325,False
14328,ServiceStack/ServiceStack,1747,253,False
14912,AutoMapper/AutoMapper,1718,309,False
15018,restsharp/RestSharp,1417,263,False
15974,ravendb/ravendb,1121,145,False
16134,SamSaffron/MiniProfiler,898,174,False
16402,nathanmarz/storm,747,386,False
17515,elasticsearch/elasticsearch,1334,1498,False
17566,JakeWharton/ActionBarSherlock,939,848,False
19580,facebook/facebook-android-sdk,1242,143,False
19786,clojure/clojure,2721,161,False
22980,Bukkit/CraftBukkit,1017,928,False
22981,netty/netty,1883,588,False
23781,github/android,700,275,False
24292,joyent/node,1693,1236,False
25875,jquery/jquery,2754,774,False
26388,h5bp/html5-boilerplate,1350,1518,False
27504,bartaz/impress.js,642,402,False
42644,mbostock/d3,1104,629,False
47382,harvesthq/chosen,883,588,False
49675,FortAwesome/Font-Awesome,595,2833,False
50618,mrdoob/three.js,1292,1822,False
51669,zurb/foundation,722,2520,False
51671,symfony/symfony,1369,3060,False
59607,EllisLab/CodeIgniter,2597,780,False
62501,facebook/php-sdk,1115,135,False
62502,zendframework/zf2,1621,932,False
63250,cakephp/cakephp,3064,487,False
64176,ginatrapani/ThinkUp,1576,375,False
64918,sebastianbergmann/phpunit,2654,824,False
65107,codeguy/Slim,1106,359,False
69158,django/django,3006,918,False
71786,facebook/tornado,1482,597,False
71787,jkbr/httpie,575,157,False
72032,mitsuhiko/flask,1276,651,False
74914,kennethreitz/requests,964,1153,False
74915,xphere-forks/symfony,1272,92,False
75984,reddit/reddit,1934,503,False
76945,boto/boto,2595,944,False
76946,django-debug-toolbar/django-debug-toolbar,1845,448,False
77319,midgetspy/Sick-Beard,1429,620,False
78835,divio/django-cms,1765,795,False
78852,rails/rails,3238,8671,True
79163,mxcl/homebrew,1528,11224,True
79166,mojombo/jekyll,1811,1466,False
91020,gitlabhq/gitlabhq,727,3547,False
91331,diaspora/diaspora,1210,1557,False
95385,plataformatec/devise,1478,2270,False
101472,joshuaclayton/blueprint-css,2207,40,False
101997,imathis/octopress,1448,1160,False
104306,vinc/vinc.cc,30,1,False
104307,thoughtbot/paperclip,2248,1504,False
105378,chriseppstein/compass,1868,1378,False
106160,twitter/finagle,1074,252,False
106161,robey/kestrel,1963,108,False
107085,twitter/flockdb,1204,77,False
107186,twitter/gizzard,1311,62,False
107187,sbt/sbt,1557,422,False
107534,scala/scala,3887,314,False
107535,scalatra/scalatra,1583,132,False
107672,twitter/zipkin,482,55,False
